Workbook

Sheet መመሪያ
B7: በኢትዮጵያ ኦርቶዶክስ ተዋሕዶ ቤተ ክርስቲያን
B8: ሳሎ ደብረ ጸሐይ ቅዱስ ጊዮርጊስ ቤተ ክርስቲያን
B9: የሐመረ ሕይወት ሰንበት ትምህርት ቤት — Hamere Hiwot Sabbath School
B11: ለ፦ የየክፍሉ አመራሮች
B12: ጉዳዩ፦ በክፍላችሁ ሥር ያሉትን ንብረቶች መዝግቦ ስለማቅረብ
B14: የሰንበት ትምህርት ቤታችን ንብረቶች በአግባቡ እንዲጠበቁና ተጠያቂነት እንዲኖር፣ እያንዳንዱ ክፍል በኃላፊነቱ ሥር ያሉትን ንብረቶች በሙሉ በዚህ ቅጽ መዝግቦ እስከ ______________ ድረስ ለሒሳብና ንብረት ክፍል እንዲያቀርብ በአክብሮት እንጠይቃለን።
B16: እንዴት ይሞላል?
B17: 1. ወደ «የንብረት መዝገብ» ገጽ ይሂዱ። በላይ ባለው ቢጫ ሳጥን የክፍላችሁን ስም፣ የሰብሳቢውን ስምና ስልክ ይሙሉ።
B18: 2. በላይ ባለው ቢጫ ሳጥን ክፍላችሁን ከዝርዝሩ ምረጡ። ከርዕሱ ሥር ያለው ግራጫ «ምሳሌ» ረድፍ ማሳያ ብቻ ነው፤ በድምር አይቆጠርም፤ በሲስተሙ ኢምፖርት ጊዜም ይዘለላል። መሙላት የምትጀምሩት ከሱ በታች (ተ.ቁ 1) ነው።
B19: 3. እያንዳንዱን ንብረት በአንድ ረድፍ ይመዝግቡ። ሰማያዊ ፊደል ያላቸውን ሴሎች ብቻ ይሙሉ፤ ጥቁር ፊደል ያላቸው (ኮድ፣ ጠቅላላ ዋጋ፣ እርጅና፣ የመዝገብ ዋጋ) በራሳቸው ይሰላሉ።
B20: 4. ምድብ፣ ባለቤት ክፍል፣ መለኪያ፣ የተገኘበት መንገድና ሁኔታ ከሚወርደው ዝርዝር (dropdown) ይመረጣሉ።
B21: 5. ዋጋ፦ የተገዛበትን ዋጋ ይጻፉ። በስጦታ የተገኘ ከሆነ አሁን በገበያ ያለውን ዋጋ ገምተው ይጻፉ፤ በማስታወሻ «ግምት» ብለው ያመልክቱ።
... B38: እግዚአብሔር አገልግሎታችንን ይባርክ። — ሒሳብና ንብረት ክፍል

Sheet ዝርዝሮች
A1: የዝርዝር ምርጫዎችና መነሻ ግምቶች (ሒሳብና ንብረት ክፍል ብቻ ያስተካክለው)
A3: የአሁኑ ዓመት (ዓ.ም) | B3: 2019 | C3: እርጅና ለማስላት የሚያገለግል፤ በየዓመቱ ይቀየራል።
A4: ፈዛዛ ቢጫ ያሉት ባዶ ሳጥኖች አዲስ ክፍል ወይም ምድብ ለመጨመር የተተዉ ናቸው።
A5: ክፍል | B5: የክፍል ኮድ | D5: ምድብ | E5: የአገልግሎት ዘመን (ዓመት) | G5: የተገኘበት መንገድ | H5: ሁኔታ | I5: መለኪያ
A6: ትምህርት ክፍል | B6: TM | D6: የዜማ መሣሪያዎች | E6: 10 | G6: ግዢ | H6: አዲስ | I6: ቁጥር
A7: መዝሙር ክፍል | B7: MZ | D7: ኤሌክትሮኒክስ | E7: 4 | G7: ስጦታ / ልገሳ | H7: ጥሩ | I7: ጥንድ
A8: ኪነ ጥበብ ክፍል | B8: KT | D8: የድምፅ መሣሪያዎች | E8: 5 | G8: በአባላት የተሠራ | H8: መጠነኛ | I8: ስብስብ
A9: ሕጻናት ክፍል | B9: HS | D9: የቤት ዕቃዎች | E9: 10 | G9: ከደብሩ የተሰጠ | H9: ጥገና ያስፈልገዋል | I9: ጥቅል
A10: አባላት ጉዳይ ክፍል | B10: AG | D10: መጻሕፍትና የትምህርት መርጃ | E10: 5 | H10: የተበላሸ | I10: ሜትር
A11: ልማትና ገቢ ማስገኛ ክፍል | B11: LM | D11: አልባሳት (ካባ፣ ቀሚስ) | E11: 5 | H11: የጠፋ | I11: ኪሎ
A12: ሚዲያና ቴክኖሎጂ ክፍል | B12: MD | D12: የዲኮር ዕቃዎች | E12: 5
A13: ሒሳብና ንብረት ክፍል | B13: HN | D13: የጽሕፈት መሣሪያዎች | E13: 3
A14: ጽሕፈት ቤት | B14: TS | D14: ፍጆታ ዕቃዎች | E14: 0
A15: የዲኮር ኮሚቴ | B15: DK
A27: የአገልግሎት ዘመን ግምት ነው፤ በቀጥተኛ መስመር (straight-line) የእርጅና ስሌት ይጠቀማል። ፍጆታ ዕቃዎች (ሻማ፣ ዕጣን፣ ወረቀት) እርጅና አይሰላላቸውም።

Sheet የንብረት መዝገብ
A1: የሐመረ ሕይወት ሰንበት ትምህርት ቤት — የንብረት መመዝገቢያ ቅጽ
A2: በኢትዮጵያ ኦርቶዶክስ ተዋሕዶ ቤተ ክርስቲያን · ሳሎ ደብረ ጸሐይ ቅዱስ ጊዮርጊስ ቤተ ክርስቲያን · Hamere Hiwot Sabbath School
A3: ሰማያዊ ፊደል = በክፍሉ የሚሞላ · ጥቁር ፊደል = በራሱ የሚሰላ (የተቆለፈ) · ግራጫው «ምሳሌ» ረድፍ ማሳያ ብቻ ነው
C4: ያስመዘገበው ክፍል፦ | J4: የተመዘገበበት ቀን፦
C5: የክፍሉ ሰብሳቢ ስም፦ | J5: ያረጋገጠው (ሒሳብና ንብረት)፦
C6: ስልክ፦ | J6: ፊርማ፦
A8: ተ.ቁ | B8: የንብረት ኮድ | C8: የንብረቱ ስም | D8: ዝርዝር መግለጫ (ዓይነት፣ ሞዴል፣ ቀለም) | E8: ምድብ | F8: ባለቤት ክፍል | G8: ብዛት | H8: መለኪያ | I8: የአንዱ ዋጋ (ብር) | J8: ጠቅላላ ዋጋ (ብር) | K8: የተገኘበት መንገድ | L8: የተገኘበት ዓ.ም | M8: ያለበት ሁኔታ | N8: የሚገኝበት ቦታ | O8: ኃላፊ (ተረካቢ) | P8: የአገልግሎት ዘመን (ዓመት) | Q8: ዓመታዊ እርጅና (ብር) | R8: የተከማቸ እርጅና (ብር) | S8: የመዝገብ ዋጋ (ብር) | T8: ማስታወሻ
A9: ምሳሌ | B9: HH-MZ-000 | C9: ከበሮ | D9: ትልቅ፣ የቆዳ፣ ቡናማ | E9: የዜማ መሣሪያዎች | F9: መዝሙር ክፍል | G9: 4 | H9: ቁጥር | I9: 6500 | J9: =G9*I9 -> 26000 | K9: ግዢ | L9: 2017 | M9: ጥሩ | N9: የመዝሙር ክፍል ቁም ሣጥን | O9: ዲ/ን ዮሐንስ ተስፋዬ | P9: =IFERROR(INDEX(CatLife,MATCH(E9,Cats,0)),"") -> 10 | Q9: =IF(OR(P9="",P9=0),0,J9/P9) -> 2600 | R9: =MIN(J9,Q9*MAX(0,CurYear-L9)) -> 5200 | S9: =J9-R9 -> 20800 | T9: ይህ ረድፍ ምሳሌ ብቻ ነው፤ በድምር አይቆጠርም
A10: =IF(C10="","",ROW()-9) | B10: =IF(OR(C10="",F10=""),"","HH-"&INDEX(DeptCodes,MATCH(F10,Depts,0))&"-"&TEXT(COUNTIF(F$10:F10,F10),"000")) | J10: =IF(OR(G10="",I10=""),"",G10*I10) | P10: =IF(E10="","",IFERROR(INDEX(CatLife,MATCH(E10,Cats,0)),"")) | Q10: =IF(OR(J10="",P10="",P10=0),IF(J10="","",0),J10/P10) | R10: =IF(OR(Q10="",L10=""),"",MIN(J10,Q10*MAX(0,CurYear-L10))) | S10: =IF(R10="",IF(J10="","",J10),J10-R10)
A11: =IF(C11="","",ROW()-9) | B11: =IF(OR(C11="",F11=""),"","HH-"&INDEX(DeptCodes,MATCH(F11,Depts,0))&"-"&TEXT(COUNTIF(F$10:F11,F11),"000")) | J11: =IF(OR(G11="",I11=""),"",G11*I11) | P11: =IF(E11="","",IFERROR(INDEX(CatLife,MATCH(E11,Cats,0)),"")) | Q11: =IF(OR(J11="",P11="",P11=0),IF(J11="","",0),J11/P11) | R11: =IF(OR(Q11="",L11=""),"",MIN(J11,Q11*MAX(0,CurYear-L11))) | S11: =IF(R11="",IF(J11="","",J11),J11-R11)
A12: =IF(C12="","",ROW()-9) | B12: =IF(OR(C12="",F12=""),"","HH-"&INDEX(DeptCodes,MATCH(F12,Depts,0))&"-"&TEXT(COUNTIF(F$10:F12,F12),"000")) | J12: =IF(OR(G12="",I12=""),"",G12*I12) | P12: =IF(E12="","",IFERROR(INDEX(CatLife,MATCH(E12,Cats,0)),"")) | Q12: =IF(OR(J12="",P12="",P12=0),IF(J12="","",0),J12/P12) | R12: =IF(OR(Q12="",L12=""),"",MIN(J12,Q12*MAX(0,CurYear-L12))) | S12: =IF(R12="",IF(J12="","",J12),J12-R12)
A13: =IF(C13="","",ROW()-9) | B13: =IF(OR(C13="",F13=""),"","HH-"&INDEX(DeptCodes,MATCH(F13,Depts,0))&"-"&TEXT(COUNTIF(F$10:F13,F13),"000")) | J13: =IF(OR(G13="",I13=""),"",G13*I13) | P13: =IF(E13="","",IFERROR(INDEX(CatLife,MATCH(E13,Cats,0)),"")) | Q13: =IF(OR(J13="",P13="",P13=0),IF(J13="","",0),J13/P13) | R13: =IF(OR(Q13="",L13=""),"",MIN(J13,Q13*MAX(0,CurYear-L13))) | S13: =IF(R13="",IF(J13="","",J13),J13-R13)
A14: =IF(C14="","",ROW()-9) | B14: =IF(OR(C14="",F14=""),"","HH-"&INDEX(DeptCodes,MATCH(F14,Depts,0))&"-"&TEXT(COUNTIF(F$10:F14,F14),"000")) | J14: =IF(OR(G14="",I14=""),"",G14*I14) | P14: =IF(E14="","",IFERROR(INDEX(CatLife,MATCH(E14,Cats,0)),"")) | Q14: =IF(OR(J14="",P14="",P14=0),IF(J14="","",0),J14/P14) | R14: =IF(OR(Q14="",L14=""),"",MIN(J14,Q14*MAX(0,CurYear-L14))) | S14: =IF(R14="",IF(J14="","",J14),J14-R14)
A15: =IF(C15="","",ROW()-9) | B15: =IF(OR(C15="",F15=""),"","HH-"&INDEX(DeptCodes,MATCH(F15,Depts,0))&"-"&TEXT(COUNTIF(F$10:F15,F15),"000")) | J15: =IF(OR(G15="",I15=""),"",G15*I15) | P15: =IF(E15="","",IFERROR(INDEX(CatLife,MATCH(E15,Cats,0)),"")) | Q15: =IF(OR(J15="",P15="",P15=0),IF(J15="","",0),J15/P15) | R15: =IF(OR(Q15="",L15=""),"",MIN(J15,Q15*MAX(0,CurYear-L15))) | S15: =IF(R15="",IF(J15="","",J15),J15-R15)
A16: =IF(C16="","",ROW()-9) | B16: =IF(OR(C16="",F16=""),"","HH-"&INDEX(DeptCodes,MATCH(F16,Depts,0))&"-"&TEXT(COUNTIF(F$10:F16,F16),"000")) | J16: =IF(OR(G16="",I16=""),"",G16*I16) | P16: =IF(E16="","",IFERROR(INDEX(CatLife,MATCH(E16,Cats,0)),"")) | Q16: =IF(OR(J16="",P16="",P16=0),IF(J16="","",0),J16/P16) | R16: =IF(OR(Q16="",L16=""),"",MIN(J16,Q16*MAX(0,CurYear-L16))) | S16: =IF(R16="",IF(J16="","",J16),J16-R16)
A17: =IF(C17="","",ROW()-9) | B17: =IF(OR(C17="",F17=""),"","HH-"&INDEX(DeptCodes,MATCH(F17,Depts,0))&"-"&TEXT(COUNTIF(F$10:F17,F17),"000")) | J17: =IF(OR(G17="",I17=""),"",G17*I17) | P17: =IF(E17="","",IFERROR(INDEX(CatLife,MATCH(E17,Cats,0)),"")) | Q17: =IF(OR(J17="",P17="",P17=0),IF(J17="","",0),J17/P17) | R17: =IF(OR(Q17="",L17=""),"",MIN(J17,Q17*MAX(0,CurYear-L17))) | S17: =IF(R17="",IF(J17="","",J17),J17-R17)
A18: =IF(C18="","",ROW()-9) | B18: =IF(OR(C18="",F18=""),"","HH-"&INDEX(DeptCodes,MATCH(F18,Depts,0))&"-"&TEXT(COUNTIF(F$10:F18,F18),"000")) | J18: =IF(OR(G18="",I18=""),"",G18*I18) | P18: =IF(E18="","",IFERROR(INDEX(CatLife,MATCH(E18,Cats,0)),"")) | Q18: =IF(OR(J18="",P18="",P18=0),IF(J18="","",0),J18/P18) | R18: =IF(OR(Q18="",L18=""),"",MIN(J18,Q18*MAX(0,CurYear-L18))) | S18: =IF(R18="",IF(J18="","",J18),J18-R18)
A19: =IF(C19="","",ROW()-9) | B19: =IF(OR(C19="",F19=""),"","HH-"&INDEX(DeptCodes,MATCH(F19,Depts,0))&"-"&TEXT(COUNTIF(F$10:F19,F19),"000")) | J19: =IF(OR(G19="",I19=""),"",G19*I19) | P19: =IF(E19="","",IFERROR(INDEX(CatLife,MATCH(E19,Cats,0)),"")) | Q19: =IF(OR(J19="",P19="",P19=0),IF(J19="","",0),J19/P19) | R19: =IF(OR(Q19="",L19=""),"",MIN(J19,Q19*MAX(0,CurYear-L19))) | S19: =IF(R19="",IF(J19="","",J19),J19-R19)
A20: =IF(C20="","",ROW()-9) | B20: =IF(OR(C20="",F20=""),"","HH-"&INDEX(DeptCodes,MATCH(F20,Depts,0))&"-"&TEXT(COUNTIF(F$10:F20,F20),"000")) | J20: =IF(OR(G20="",I20=""),"",G20*I20) | P20: =IF(E20="","",IFERROR(INDEX(CatLife,MATCH(E20,Cats,0)),"")) | Q20: =IF(OR(J20="",P20="",P20=0),IF(J20="","",0),J20/P20) | R20: =IF(OR(Q20="",L20=""),"",MIN(J20,Q20*MAX(0,CurYear-L20))) | S20: =IF(R20="",IF(J20="","",J20),J20-R20)
A21: =IF(C21="","",ROW()-9) | B21: =IF(OR(C21="",F21=""),"","HH-"&INDEX(DeptCodes,MATCH(F21,Depts,0))&"-"&TEXT(COUNTIF(F$10:F21,F21),"000")) | J21: =IF(OR(G21="",I21=""),"",G21*I21) | P21: =IF(E21="","",IFERROR(INDEX(CatLife,MATCH(E21,Cats,0)),"")) | Q21: =IF(OR(J21="",P21="",P21=0),IF(J21="","",0),J21/P21) | R21: =IF(OR(Q21="",L21=""),"",MIN(J21,Q21*MAX(0,CurYear-L21))) | S21: =IF(R21="",IF(J21="","",J21),J21-R21)
... A209: =IF(C209="","",ROW()-9) | B209: =IF(OR(C209="",F209=""),"","HH-"&INDEX(DeptCodes,MATCH(F209,Depts,0))&"-"&TEXT(COUNTIF(F$10:F209,F209),"000")) | J209: =IF(OR(G209="",I209=""),"",G209*I209) | P209: =IF(E209="","",IFERROR(INDEX(CatLife,MATCH(E209,Cats,0)),"")) | Q209: =IF(OR(J209="",P209="",P209=0),IF(J209="","",0),J209/P209) | R209: =IF(OR(Q209="",L209=""),"",MIN(J209,Q209*MAX(0,CurYear-L209))) | S209: =IF(R209="",IF(J209="","",J209),J209-R209)
C210: ድምር | G210: =SUM(G10:G209) -> 0 | J210: =SUM(J10:J209) -> 0 | Q210: =SUM(Q10:Q209) -> 0 | R210: =SUM(R10:R209) -> 0 | S210: =SUM(S10:S209) -> 0

Sheet ማጠቃለያ
A1: የንብረት ማጠቃለያ በክፍል (በራሱ ይሰላል)
A3: ክፍል | B3: የንብረት ዓይነቶች | C3: ጠቅላላ ብዛት | D3: ጠቅላላ ዋጋ (ብር) | E3: የመዝገብ ዋጋ (ብር) | F3: የተበላሹ / የጠፉ
A4: =IF(ዝርዝሮች!A6="","",ዝርዝሮች!A6) -> ትምህርት ክፍል | B4: =IF(A4="","",COUNTIFS('የንብረት መዝገብ'!$F$10:$F$209,A4,'የንብረት መዝገብ'!$C$10:$C$209,"<>")) -> 0 | C4: =IF(A4="","",SUMIFS('የንብረት መዝገብ'!$G$10:$G$209,'የንብረት መዝገብ'!$F$10:$F$209,A4)) -> 0 | D4: =IF(A4="","",SUMIFS('የንብረት መዝገብ'!$J$10:$J$209,'የንብረት መዝገብ'!$F$10:$F$209,A4)) -> 0 | E4: =IF(A4="","",SUMIFS('የንብረት መዝገብ'!$S$10:$S$209,'የንብረት መዝገብ'!$F$10:$F$209,A4)) -> 0 | F4: =IF(A4="","",COUNTIFS('የንብረት መዝገብ'!$F$10:$F$209,A4,'የንብረት መዝገብ'!$M$10:$M$209,"የተበላሸ")+COUNTIFS('የንብረት መዝገብ'!$F$10:$F$209,A4,'የንብረት መዝገብ'!$M$10:$M$209,"የጠፋ")) -> 0
A5: =IF(ዝርዝሮች!A7="","",ዝርዝሮች!A7) -> መዝሙር ክፍል | B5: =IF(A5="","",COUNTIFS('የንብረት መዝገብ'!$F$10:$F$209,A5,'የንብረት መዝገብ'!$C$10:$C$209,"<>")) -> 0 | C5: =IF(A5="","",SUMIFS('የንብረት መዝገብ'!$G$10:$G$209,'የንብረት መዝገብ'!$F$10:$F$209,A5)) -> 0 | D5: =IF(A5="","",SUMIFS('የንብረት መዝገብ'!$J$10:$J$209,'የንብረት መዝገብ'!$F$10:$F$209,A5)) -> 0 | E5: =IF(A5="","",SUMIFS('የንብረት መዝገብ'!$S$10:$S$209,'የንብረት መዝገብ'!$F$10:$F$209,A5)) -> 0 | F5: =IF(A5="","",COUNTIFS('የንብረት መዝገብ'!$F$10:$F$209,A5,'የንብረት መዝገብ'!$M$10:$M$209,"የተበላሸ")+COUNTIFS('የንብረት መዝገብ'!$F$10:$F$209,A5,'የንብረት መዝገብ'!$M$10:$M$209,"የጠፋ")) -> 0
A6: =IF(ዝርዝሮች!A8="","",ዝርዝሮች!A8) -> ኪነ ጥበብ ክፍል | B6: =IF(A6="","",COUNTIFS('የንብረት መዝገብ'!$F$10:$F$209,A6,'የንብረት መዝገብ'!$C$10:$C$209,"<>")) -> 0 | C6: =IF(A6="","",SUMIFS('የንብረት መዝገብ'!$G$10:$G$209,'የንብረት መዝገብ'!$F$10:$F$209,A6)) -> 0 | D6: =IF(A6="","",SUMIFS('የንብረት መዝገብ'!$J$10:$J$209,'የንብረት መዝገብ'!$F$10:$F$209,A6)) -> 0 | E6: =IF(A6="","",SUMIFS('የንብረት መዝገብ'!$S$10:$S$209,'የንብረት መዝገብ'!$F$10:$F$209,A6)) -> 0 | F6: =IF(A6="","",COUNTIFS('የንብረት መዝገብ'!$F$10:$F$209,A6,'የንብረት መዝገብ'!$M$10:$M$209,"የተበላሸ")+COUNTIFS('የንብረት መዝገብ'!$F$10:$F$209,A6,'የንብረት መዝገብ'!$M$10:$M$209,"የጠፋ")) -> 0
A7: =IF(ዝርዝሮች!A9="","",ዝርዝሮች!A9) -> ሕጻናት ክፍል | B7: =IF(A7="","",COUNTIFS('የንብረት መዝገብ'!$F$10:$F$209,A7,'የንብረት መዝገብ'!$C$10:$C$209,"<>")) -> 0 | C7: =IF(A7="","",SUMIFS('የንብረት መዝገብ'!$G$10:$G$209,'የንብረት መዝገብ'!$F$10:$F$209,A7)) -> 0 | D7: =IF(A7="","",SUMIFS('የንብረት መዝገብ'!$J$10:$J$209,'የንብረት መዝገብ'!$F$10:$F$209,A7)) -> 0 | E7: =IF(A7="","",SUMIFS('የንብረት መዝገብ'!$S$10:$S$209,'የንብረት መዝገብ'!$F$10:$F$209,A7)) -> 0 | F7: =IF(A7="","",COUNTIFS('የንብረት መዝገብ'!$F$10:$F$209,A7,'የንብረት መዝገብ'!$M$10:$M$209,"የተበላሸ")+COUNTIFS('የንብረት መዝገብ'!$F$10:$F$209,A7,'የንብረት መዝገብ'!$M$10:$M$209,"የጠፋ")) -> 0
A8: =IF(ዝርዝሮች!A10="","",ዝርዝሮች!A10) -> አባላት ጉዳይ ክፍል | B8: =IF(A8="","",COUNTIFS('የንብረት መዝገብ'!$F$10:$F$209,A8,'የንብረት መዝገብ'!$C$10:$C$209,"<>")) -> 0 | C8: =IF(A8="","",SUMIFS('የንብረት መዝገብ'!$G$10:$G$209,'የንብረት መዝገብ'!$F$10:$F$209,A8)) -> 0 | D8: =IF(A8="","",SUMIFS('የንብረት መዝገብ'!$J$10:$J$209,'የንብረት መዝገብ'!$F$10:$F$209,A8)) -> 0 | E8: =IF(A8="","",SUMIFS('የንብረት መዝገብ'!$S$10:$S$209,'የንብረት መዝገብ'!$F$10:$F$209,A8)) -> 0 | F8: =IF(A8="","",COUNTIFS('የንብረት መዝገብ'!$F$10:$F$209,A8,'የንብረት መዝገብ'!$M$10:$M$209,"የተበላሸ")+COUNTIFS('የንብረት መዝገብ'!$F$10:$F$209,A8,'የንብረት መዝገብ'!$M$10:$M$209,"የጠፋ")) -> 0
A9: =IF(ዝርዝሮች!A11="","",ዝርዝሮች!A11) -> ልማትና ገቢ ማስገኛ ክፍል | B9: =IF(A9="","",COUNTIFS('የንብረት መዝገብ'!$F$10:$F$209,A9,'የንብረት መዝገብ'!$C$10:$C$209,"<>")) -> 0 | C9: =IF(A9="","",SUMIFS('የንብረት መዝገብ'!$G$10:$G$209,'የንብረት መዝገብ'!$F$10:$F$209,A9)) -> 0 | D9: =IF(A9="","",SUMIFS('የንብረት መዝገብ'!$J$10:$J$209,'የንብረት መዝገብ'!$F$10:$F$209,A9)) -> 0 | E9: =IF(A9="","",SUMIFS('የንብረት መዝገብ'!$S$10:$S$209,'የንብረት መዝገብ'!$F$10:$F$209,A9)) -> 0 | F9: =IF(A9="","",COUNTIFS('የንብረት መዝገብ'!$F$10:$F$209,A9,'የንብረት መዝገብ'!$M$10:$M$209,"የተበላሸ")+COUNTIFS('የንብረት መዝገብ'!$F$10:$F$209,A9,'የንብረት መዝገብ'!$M$10:$M$209,"የጠፋ")) -> 0
A10: =IF(ዝርዝሮች!A12="","",ዝርዝሮች!A12) -> ሚዲያና ቴክኖሎጂ ክፍል | B10: =IF(A10="","",COUNTIFS('የንብረት መዝገብ'!$F$10:$F$209,A10,'የንብረት መዝገብ'!$C$10:$C$209,"<>")) -> 0 | C10: =IF(A10="","",SUMIFS('የንብረት መዝገብ'!$G$10:$G$209,'የንብረት መዝገብ'!$F$10:$F$209,A10)) -> 0 | D10: =IF(A10="","",SUMIFS('የንብረት መዝገብ'!$J$10:$J$209,'የንብረት መዝገብ'!$F$10:$F$209,A10)) -> 0 | E10: =IF(A10="","",SUMIFS('የንብረት መዝገብ'!$S$10:$S$209,'የንብረት መዝገብ'!$F$10:$F$209,A10)) -> 0 | F10: =IF(A10="","",COUNTIFS('የንብረት መዝገብ'!$F$10:$F$209,A10,'የንብረት መዝገብ'!$M$10:$M$209,"የተበላሸ")+COUNTIFS('የንብረት መዝገብ'!$F$10:$F$209,A10,'የንብረት መዝገብ'!$M$10:$M$209,"የጠፋ")) -> 0
A11: =IF(ዝርዝሮች!A13="","",ዝርዝሮች!A13) -> ሒሳብና ንብረት ክፍል | B11: =IF(A11="","",COUNTIFS('የንብረት መዝገብ'!$F$10:$F$209,A11,'የንብረት መዝገብ'!$C$10:$C$209,"<>")) -> 0 | C11: =IF(A11="","",SUMIFS('የንብረት መዝገብ'!$G$10:$G$209,'የንብረት መዝገብ'!$F$10:$F$209,A11)) -> 0 | D11: =IF(A11="","",SUMIFS('የንብረት መዝገብ'!$J$10:$J$209,'የንብረት መዝገብ'!$F$10:$F$209,A11)) -> 0 | E11: =IF(A11="","",SUMIFS('የንብረት መዝገብ'!$S$10:$S$209,'የንብረት መዝገብ'!$F$10:$F$209,A11)) -> 0 | F11: =IF(A11="","",COUNTIFS('የንብረት መዝገብ'!$F$10:$F$209,A11,'የንብረት መዝገብ'!$M$10:$M$209,"የተበላሸ")+COUNTIFS('የንብረት መዝገብ'!$F$10:$F$209,A11,'የንብረት መዝገብ'!$M$10:$M$209,"የጠፋ")) -> 0
A12: =IF(ዝርዝሮች!A14="","",ዝርዝሮች!A14) -> ጽሕፈት ቤት | B12: =IF(A12="","",COUNTIFS('የንብረት መዝገብ'!$F$10:$F$209,A12,'የንብረት መዝገብ'!$C$10:$C$209,"<>")) -> 0 | C12: =IF(A12="","",SUMIFS('የንብረት መዝገብ'!$G$10:$G$209,'የንብረት መዝገብ'!$F$10:$F$209,A12)) -> 0 | D12: =IF(A12="","",SUMIFS('የንብረት መዝገብ'!$J$10:$J$209,'የንብረት መዝገብ'!$F$10:$F$209,A12)) -> 0 | E12: =IF(A12="","",SUMIFS('የንብረት መዝገብ'!$S$10:$S$209,'የንብረት መዝገብ'!$F$10:$F$209,A12)) -> 0 | F12: =IF(A12="","",COUNTIFS('የንብረት መዝገብ'!$F$10:$F$209,A12,'የንብረት መዝገብ'!$M$10:$M$209,"የተበላሸ")+COUNTIFS('የንብረት መዝገብ'!$F$10:$F$209,A12,'የንብረት መዝገብ'!$M$10:$M$209,"የጠፋ")) -> 0
A13: =IF(ዝርዝሮች!A15="","",ዝርዝሮች!A15) -> የዲኮር ኮሚቴ | B13: =IF(A13="","",COUNTIFS('የንብረት መዝገብ'!$F$10:$F$209,A13,'የንብረት መዝገብ'!$C$10:$C$209,"<>")) -> 0 | C13: =IF(A13="","",SUMIFS('የንብረት መዝገብ'!$G$10:$G$209,'የንብረት መዝገብ'!$F$10:$F$209,A13)) -> 0 | D13: =IF(A13="","",SUMIFS('የንብረት መዝገብ'!$J$10:$J$209,'የንብረት መዝገብ'!$F$10:$F$209,A13)) -> 0 | E13: =IF(A13="","",SUMIFS('የንብረት መዝገብ'!$S$10:$S$209,'የንብረት መዝገብ'!$F$10:$F$209,A13)) -> 0 | F13: =IF(A13="","",COUNTIFS('የንብረት መዝገብ'!$F$10:$F$209,A13,'የንብረት መዝገብ'!$M$10:$M$209,"የተበላሸ")+COUNTIFS('የንብረት መዝገብ'!$F$10:$F$209,A13,'የንብረት መዝገብ'!$M$10:$M$209,"የጠፋ")) -> 0
A14: =IF(ዝርዝሮች!A16="","",ዝርዝሮች!A16) | B14: =IF(A14="","",COUNTIFS('የንብረት መዝገብ'!$F$10:$F$209,A14,'የንብረት መዝገብ'!$C$10:$C$209,"<>")) | C14: =IF(A14="","",SUMIFS('የንብረት መዝገብ'!$G$10:$G$209,'የንብረት መዝገብ'!$F$10:$F$209,A14)) | D14: =IF(A14="","",SUMIFS('የንብረት መዝገብ'!$J$10:$J$209,'የንብረት መዝገብ'!$F$10:$F$209,A14)) | E14: =IF(A14="","",SUMIFS('የንብረት መዝገብ'!$S$10:$S$209,'የንብረት መዝገብ'!$F$10:$F$209,A14)) | F14: =IF(A14="","",COUNTIFS('የንብረት መዝገብ'!$F$10:$F$209,A14,'የንብረት መዝገብ'!$M$10:$M$209,"የተበላሸ")+COUNTIFS('የንብረት መዝገብ'!$F$10:$F$209,A14,'የንብረት መዝገብ'!$M$10:$M$209,"የጠፋ"))
A15: =IF(ዝርዝሮች!A17="","",ዝርዝሮች!A17) | B15: =IF(A15="","",COUNTIFS('የንብረት መዝገብ'!$F$10:$F$209,A15,'የንብረት መዝገብ'!$C$10:$C$209,"<>")) | C15: =IF(A15="","",SUMIFS('የንብረት መዝገብ'!$G$10:$G$209,'የንብረት መዝገብ'!$F$10:$F$209,A15)) | D15: =IF(A15="","",SUMIFS('የንብረት መዝገብ'!$J$10:$J$209,'የንብረት መዝገብ'!$F$10:$F$209,A15)) | E15: =IF(A15="","",SUMIFS('የንብረት መዝገብ'!$S$10:$S$209,'የንብረት መዝገብ'!$F$10:$F$209,A15)) | F15: =IF(A15="","",COUNTIFS('የንብረት መዝገብ'!$F$10:$F$209,A15,'የንብረት መዝገብ'!$M$10:$M$209,"የተበላሸ")+COUNTIFS('የንብረት መዝገብ'!$F$10:$F$209,A15,'የንብረት መዝገብ'!$M$10:$M$209,"የጠፋ"))
... A23: =IF(ዝርዝሮች!A25="","",ዝርዝሮች!A25) | B23: =IF(A23="","",COUNTIFS('የንብረት መዝገብ'!$F$10:$F$209,A23,'የንብረት መዝገብ'!$C$10:$C$209,"<>")) | C23: =IF(A23="","",SUMIFS('የንብረት መዝገብ'!$G$10:$G$209,'የንብረት መዝገብ'!$F$10:$F$209,A23)) | D23: =IF(A23="","",SUMIFS('የንብረት መዝገብ'!$J$10:$J$209,'የንብረት መዝገብ'!$F$10:$F$209,A23)) | E23: =IF(A23="","",SUMIFS('የንብረት መዝገብ'!$S$10:$S$209,'የንብረት መዝገብ'!$F$10:$F$209,A23)) | F23: =IF(A23="","",COUNTIFS('የንብረት መዝገብ'!$F$10:$F$209,A23,'የንብረት መዝገብ'!$M$10:$M$209,"የተበላሸ")+COUNTIFS('የንብረት መዝገብ'!$F$10:$F$209,A23,'የንብረት መዝገብ'!$M$10:$M$209,"የጠፋ"))
A24: ድምር | B24: =SUM(B4:B23) -> 0 | C24: =SUM(C4:C23) -> 0 | D24: =SUM(D4:D23) -> 0 | E24: =SUM(E4:E23) -> 0 | F24: =SUM(F4:F23) -> 0
A26: በምድብ
A27: ምድብ | B27: ጠቅላላ ብዛት | C27: ጠቅላላ ዋጋ (ብር) | D27: የመዝገብ ዋጋ (ብር)
A28: =IF(ዝርዝሮች!D6="","",ዝርዝሮች!D6) -> የዜማ መሣሪያዎች | B28: =IF(A28="","",SUMIFS('የንብረት መዝገብ'!$G$10:$G$209,'የንብረት መዝገብ'!$E$10:$E$209,A28)) -> 0 | C28: =IF(A28="","",SUMIFS('የንብረት መዝገብ'!$J$10:$J$209,'የንብረት መዝገብ'!$E$10:$E$209,A28)) -> 0 | D28: =IF(A28="","",SUMIFS('የንብረት መዝገብ'!$S$10:$S$209,'የንብረት መዝገብ'!$E$10:$E$209,A28)) -> 0
A29: =IF(ዝርዝሮች!D7="","",ዝርዝሮች!D7) -> ኤሌክትሮኒክስ | B29: =IF(A29="","",SUMIFS('የንብረት መዝገብ'!$G$10:$G$209,'የንብረት መዝገብ'!$E$10:$E$209,A29)) -> 0 | C29: =IF(A29="","",SUMIFS('የንብረት መዝገብ'!$J$10:$J$209,'የንብረት መዝገብ'!$E$10:$E$209,A29)) -> 0 | D29: =IF(A29="","",SUMIFS('የንብረት መዝገብ'!$S$10:$S$209,'የንብረት መዝገብ'!$E$10:$E$209,A29)) -> 0
A30: =IF(ዝርዝሮች!D8="","",ዝርዝሮች!D8) -> የድምፅ መሣሪያዎች | B30: =IF(A30="","",SUMIFS('የንብረት መዝገብ'!$G$10:$G$209,'የንብረት መዝገብ'!$E$10:$E$209,A30)) -> 0 | C30: =IF(A30="","",SUMIFS('የንብረት መዝገብ'!$J$10:$J$209,'የንብረት መዝገብ'!$E$10:$E$209,A30)) -> 0 | D30: =IF(A30="","",SUMIFS('የንብረት መዝገብ'!$S$10:$S$209,'የንብረት መዝገብ'!$E$10:$E$209,A30)) -> 0
A31: =IF(ዝርዝሮች!D9="","",ዝርዝሮች!D9) -> የቤት ዕቃዎች | B31: =IF(A31="","",SUMIFS('የንብረት መዝገብ'!$G$10:$G$209,'የንብረት መዝገብ'!$E$10:$E$209,A31)) -> 0 | C31: =IF(A31="","",SUMIFS('የንብረት መዝገብ'!$J$10:$J$209,'የንብረት መዝገብ'!$E$10:$E$209,A31)) -> 0 | D31: =IF(A31="","",SUMIFS('የንብረት መዝገብ'!$S$10:$S$209,'የንብረት መዝገብ'!$E$10:$E$209,A31)) -> 0
A32: =IF(ዝርዝሮች!D10="","",ዝርዝሮች!D10) -> መጻሕፍትና የትምህርት መርጃ | B32: =IF(A32="","",SUMIFS('የንብረት መዝገብ'!$G$10:$G$209,'የንብረት መዝገብ'!$E$10:$E$209,A32)) -> 0 | C32: =IF(A32="","",SUMIFS('የንብረት መዝገብ'!$J$10:$J$209,'የንብረት መዝገብ'!$E$10:$E$209,A32)) -> 0 | D32: =IF(A32="","",SUMIFS('የንብረት መዝገብ'!$S$10:$S$209,'የንብረት መዝገብ'!$E$10:$E$209,A32)) -> 0
A33: =IF(ዝርዝሮች!D11="","",ዝርዝሮች!D11) -> አልባሳት (ካባ፣ ቀሚስ) | B33: =IF(A33="","",SUMIFS('የንብረት መዝገብ'!$G$10:$G$209,'የንብረት መዝገብ'!$E$10:$E$209,A33)) -> 0 | C33: =IF(A33="","",SUMIFS('የንብረት መዝገብ'!$J$10:$J$209,'የንብረት መዝገብ'!$E$10:$E$209,A33)) -> 0 | D33: =IF(A33="","",SUMIFS('የንብረት መዝገብ'!$S$10:$S$209,'የንብረት መዝገብ'!$E$10:$E$209,A33)) -> 0
A34: =IF(ዝርዝሮች!D12="","",ዝርዝሮች!D12) -> የዲኮር ዕቃዎች | B34: =IF(A34="","",SUMIFS('የንብረት መዝገብ'!$G$10:$G$209,'የንብረት መዝገብ'!$E$10:$E$209,A34)) -> 0 | C34: =IF(A34="","",SUMIFS('የንብረት መዝገብ'!$J$10:$J$209,'የንብረት መዝገብ'!$E$10:$E$209,A34)) -> 0 | D34: =IF(A34="","",SUMIFS('የንብረት መዝገብ'!$S$10:$S$209,'የንብረት መዝገብ'!$E$10:$E$209,A34)) -> 0
A35: =IF(ዝርዝሮች!D13="","",ዝርዝሮች!D13) -> የጽሕፈት መሣሪያዎች | B35: =IF(A35="","",SUMIFS('የንብረት መዝገብ'!$G$10:$G$209,'የንብረት መዝገብ'!$E$10:$E$209,A35)) -> 0 | C35: =IF(A35="","",SUMIFS('የንብረት መዝገብ'!$J$10:$J$209,'የንብረት መዝገብ'!$E$10:$E$209,A35)) -> 0 | D35: =IF(A35="","",SUMIFS('የንብረት መዝገብ'!$S$10:$S$209,'የንብረት መዝገብ'!$E$10:$E$209,A35)) -> 0
A36: =IF(ዝርዝሮች!D14="","",ዝርዝሮች!D14) -> ፍጆታ ዕቃዎች | B36: =IF(A36="","",SUMIFS('የንብረት መዝገብ'!$G$10:$G$209,'የንብረት መዝገብ'!$E$10:$E$209,A36)) -> 0 | C36: =IF(A36="","",SUMIFS('የንብረት መዝገብ'!$J$10:$J$209,'የንብረት መዝገብ'!$E$10:$E$209,A36)) -> 0 | D36: =IF(A36="","",SUMIFS('የንብረት መዝገብ'!$S$10:$S$209,'የንብረት መዝገብ'!$E$10:$E$209,A36)) -> 0
A37: =IF(ዝርዝሮች!D15="","",ዝርዝሮች!D15) | B37: =IF(A37="","",SUMIFS('የንብረት መዝገብ'!$G$10:$G$209,'የንብረት መዝገብ'!$E$10:$E$209,A37)) | C37: =IF(A37="","",SUMIFS('የንብረት መዝገብ'!$J$10:$J$209,'የንብረት መዝገብ'!$E$10:$E$209,A37)) | D37: =IF(A37="","",SUMIFS('የንብረት መዝገብ'!$S$10:$S$209,'የንብረት መዝገብ'!$E$10:$E$209,A37))
A38: =IF(ዝርዝሮች!D16="","",ዝርዝሮች!D16) | B38: =IF(A38="","",SUMIFS('የንብረት መዝገብ'!$G$10:$G$209,'የንብረት መዝገብ'!$E$10:$E$209,A38)) | C38: =IF(A38="","",SUMIFS('የንብረት መዝገብ'!$J$10:$J$209,'የንብረት መዝገብ'!$E$10:$E$209,A38)) | D38: =IF(A38="","",SUMIFS('የንብረት መዝገብ'!$S$10:$S$209,'የንብረት መዝገብ'!$E$10:$E$209,A38))
A39: =IF(ዝርዝሮች!D17="","",ዝርዝሮች!D17) | B39: =IF(A39="","",SUMIFS('የንብረት መዝገብ'!$G$10:$G$209,'የንብረት መዝገብ'!$E$10:$E$209,A39)) | C39: =IF(A39="","",SUMIFS('የንብረት መዝገብ'!$J$10:$J$209,'የንብረት መዝገብ'!$E$10:$E$209,A39)) | D39: =IF(A39="","",SUMIFS('የንብረት መዝገብ'!$S$10:$S$209,'የንብረት መዝገብ'!$E$10:$E$209,A39))
... A47: =IF(ዝርዝሮች!D25="","",ዝርዝሮች!D25) | B47: =IF(A47="","",SUMIFS('የንብረት መዝገብ'!$G$10:$G$209,'የንብረት መዝገብ'!$E$10:$E$209,A47)) | C47: =IF(A47="","",SUMIFS('የንብረት መዝገብ'!$J$10:$J$209,'የንብረት መዝገብ'!$E$10:$E$209,A47)) | D47: =IF(A47="","",SUMIFS('የንብረት መዝገብ'!$S$10:$S$209,'የንብረት መዝገብ'!$E$10:$E$209,A47))
